Text,Category
I love programming,Programming
I love my dog,Pet
I enjoy playing guitar,Music
Soccer is my favorite sport,Sports
Learn backend development with my current project,Development
I have spent most of my career as a backend developer and data engineer,Blog
Why is data dangerous at rest,Data Secure
Exploring machine learning algorithms for natural language processing,Machine Learning
The art of cooking and baking,Cooking
I'm passionate about traveling and exploring new cultures,Travel
Health and fitness tips for a balanced lifestyle,Fitness
Latest news and trends in fashion and beauty,Fashion
The importance of mental health and self-care,Mental Health
Inspirational quotes to uplift your spirits,Inspiration
Movie reviews and recommendations for your next film night,Movies
Book reviews and recommendations for your reading list,Books
Tips for effective time management and productivity,Productivity
How to start your own small business,Entrepreneurship
Environmental conservation and sustainability initiatives,Environment
El fútbol es mi deporte favorito,Sports
Me gusta programar,Programming
Disfruto tocando la guitarra,Music
Me encanta la programación,Programación
Aprender a tocar la guitarra es mi pasión,Música
El fútbol es mi deporte favorito,Deportes
Estoy explorando nuevas recetas de cocina,Cocina
Viajar y descubrir nuevas culturas es mi hobby,Viajes
Consejos de salud y bienestar para una vida equilibrada,Salud
Últimas tendencias en moda y belleza,Moda
Reseñas y recomendaciones de películas para tu próxima noche de cine,Cine
Reseñas y recomendaciones de libros para tu lista de lectura,Libros
Consejos para la gestión del tiempo y la productividad,Productividad
Cómo iniciar tu propio negocio,Emprendimiento
Iniciativas de conservación del medio ambiente y sostenibilidad,Medio Ambiente